87,106,148,135,83,219,44,68,49,11,121,114,209,45,97,152,217,204,172,198,136,32,236,187,140,100,143,150,90,52,30,69,71,70,212,193,225,65,46,129,95,104,216,179,47,55,167,12,79,67,43,189,215,125,197,205,110,107,53,78,126,223,196,81,122,108,184,73,3,235,54,220,102,58,1,118,155,82,183,160,159,149,195,56,174,192,26,161,111,229,25,89,234,77,19,177,141,98,203,115,134,131,200,20,207,113,92,96,105,21,210,7,138,15,31,8,40,233,132,23,39,50,116,154,124,230,202,109,156,93,180,211,91,213,206,28,80,142,199,60,61,120,84,123,137,103,9,2,186,128,48,181,188,151,226,147,145,88,75,175,173,36,218,33,162,101,18,153,51,22,231,224,37,34,232,157,133,182,130,99,62,112,29,201,164,222,194,178,170,63,59,190,127,66,5,4,57,41,16,158,119,42,117,10,86,168,38,227,214,163,191,166,76,171,165,176,94,27,228,64,208,144,146,185,35,139,17,72,74,13,14,24,6,169,85,221
61,28,71,234,89,157,225,161,27,24,114,205,63,167,39,145,122,87,155,186,7,45,9,222,59,217,19,202,83,86,81,15,201,51,29,128,127,131,2,17,163,232,137,154,84,181,149,211,230,146,76,191,22,78,102,224,210,124,73,187,135,214,31,140,105,183,233,209,123,16,62,173,121,14,74,43,10,136,18,46,56,171,139,196,35,125,175,180,117,174,57,92,100,143,212,95,169,113,208,40,3,170,142,36,37,108,151,188,197,193,158,54,64,1,138,156,13,50,220,72,109,206,129,5,77,33,195,153,32,67,91,152,184,172,228,159,69,116,79,34,148,189,226,115,99,144,164,42,213,223,97,12,130,165,25,231,215,120,119,176,132,160,85,219,204,48,88,177,107,26,49,96,235,23,93,162,106,198,147,218,112,70,166,98,134,194,11,65,41,58,103,68,216,20,55,229,227,150,133,126,101,168,30,118,53,47,200,203,207,190,44,66,6,199,185,182,4,141,221,179,94,110,52,60,236,111,82,75,192,21,38,90,178,8,104,80
57,120,52,178,186,147,63,235,162,168,76,20,141,195,181,121,230,172,163,148,38,71,194,66,41,98,113,150,165,233,189,119,182,232,82,34,68,97,12,210,21,158,92,166,24,171,91,46,175,10,143,118,219,8,231,105,129,22,205,25,199,5,153,23,208,73,67,78,87,104,221,26,160,43,4,6,137,139,29,227,75,196,31,74,187,122,164,191,151,124,28,145,36,84,33,37,109,93,167,13,218,225,228,30,173,79,159,100,220,115,136,11,202,222,59,192,207,180,40,102,174,188,215,53,101,88,211,103,229,197,156,86,152,77,224,9,114,128,17,70,49,3,154,51,117,198,69,65,190,56,216,193,204,83,133,177,161,110,108,144,44,214,185,116,35,125,140,223,138,96,170,127,213,134,60,45,48,111,95,19,169,146,58,85,90,55,130,1,61,2,32,123,64,155,14,62,54,206,15,18,201,236,89,132,94,184,39,50,176,226,99,131,234,112,179,106,16,42,107,217,200,135,81,149,157,80,27,209,47,7,212,203,72,126,142,183
177,91,129,75,138,198,120,70,103,59,139,22,148,208,52,149,21,115,203,66,217,192,5,30,108,227,172,229,2,101,132,121,32,230,79,90,234,228,126,116,136,106,146,134,220,199,194,39,36,45,221,193,176,64,14,33,161,164,10,175,35,189,174,55,62,109,209,48,20,181,49,12,159,56,187,150,31,202,102,88,168,133,173,57,233,212,201,34,69,25,235,205,84,28,77,24,117,122,107,54,179,8,200,3,51,147,74,1,16,162,144,158,188,26,124,42,111,166,104,93,94,207,92,219,214,17,44,86,142,180,226,87,145,224,171,223,4,72,99,29,68,213,128,65,195,151,37,113,232,7,63,157,185,231,127,153,206,154,95,155,85,89,222,135,190,196,186,60,78,105,118,130,163,41,143,125,83,204,123,112,19,82,191,53,110,58,38,156,236,140,23,80,11,215,197,50,165,73,71,46,141,47,9,61,218,152,27,119,178,114,40,98,81,167,76,100,96,170,211,160,169,13,97,15,216,184,210,67,225,43,6,183,137,131,18,182
59,151,139,150,182,69,73,113,101,133,117,45,175,135,10,173,143,114,11,130,194,70,96,170,42,8,206,105,231,211,37,9,49,188,142,116,201,160,174,155,205,74,44,152,136,31,121,228,209,95,229,43,169,6,226,125,47,53,166,21,179,128,46,172,156,89,68,34,97,158,140,3,236,193,72,93,66,26,159,119,71,94,199,202,129,191,183,98,110,48,126,127,54,153,145,141,115,85,161,52,215,200,164,207,55,1,13,233,107,40,75,186,131,132,79,149,144,83,36,225,7,216,57,219,210,27,51,195,63,220,184,99,147,38,204,203,138,87,214,171,29,222,60,41,91,227,86,181,58,234,192,168,12,35,185,111,134,14,4,157,232,92,62,224,90,165,122,176,77,137,23,102,78,154,22,235,20,25,33,2,124,16,197,213,76,28,24,223,61,18,177,118,67,178,187,120,148,146,196,64,208,190,88,15,230,112,212,109,104,123,108,5,217,163,162,180,84,218,103,32,221,80,56,82,19,198,167,30,106,65,39,189,17,81,100,50
70,154,148,24,46,99,143,1,91,225,48,120,230,126,205,124,236,217,61,41,71,89,202,179,169,220,216,222,112,166,170,141,133,138,40,63,192,116,194,22,187,35,80,231,144,95,208,43,31,207,34,234,53,26,109,36,177,6,174,108,183,171,42,78,152,105,38,156,21,160,157,59,98,147,229,84,181,213,209,83,111,58,3,77,199,62,206,12,186,185,195,203,162,172,49,142,197,228,214,150,134,32,19,118,23,136,123,211,102,155,191,72,125,50,173,11,69,90,56,121,163,107,232,201,119,47,88,128,14,94,233,193,39,178,165,60,131,52,224,161,122,130,30,114,221,235,10,93,4,145,182,180,66,27,184,29,129,153,139,85,223,200,218,103,96,86,65,97,188,168,159,92,137,55,101,37,15,79,17,104,9,176,28,226,87,212,64,189,68,13,25,175,117,8,2,167,51,135,74,100,127,18,196,146,20,110,5,57,54,149,44,151,106,67,140,210,204,198,190,82,219,75,33,45,113,215,73,158,132,81,164,76,115,227,16,7
201,138,21,148,184,99,82,223,101,192,128,130,35,204,109,115,112,2,178,54,93,190,157,15,232,22,43,149,163,214,16,137,110,212,197,224,103,222,61,152,191,44,126,162,28,143,170,65,37,141,94,47,75,179,139,53,230,145,48,102,175,64,76,9,231,195,108,45,235,90,206,107,172,98,194,89,12,3,87,38,133,146,140,118,227,155,122,80,7,150,74,123,59,41,17,125,124,114,92,56,193,215,144,104,46,208,217,84,167,210,181,161,36,196,127,72,5,42,29,63,85,31,233,6,216,55,39,211,33,129,60,100,116,225,159,71,188,50,209,213,121,200,169,32,52,160,88,189,106,226,81,164,228,91,10,4,69,19,97,166,20,203,171,186,18,67,57,177,96,78,68,120,111,34,40,221,25,173,142,58,158,23,86,105,8,185,70,183,119,14,236,30,165,207,13,234,117,218,151,24,79,132,187,131,73,182,229,49,147,202,77,113,27,83,11,176,198,180,153,51,199,1,62,168,26,66,135,154,95,220,134,156,136,219,205,174
36,121,75,236,86,48,143,52,169,97,65,117,45,225,44,72,46,8,153,20,47,99,29,107,199,166,204,201,189,6,74,190,53,219,9,93,228,87,38,131,214,179,178,22,40,140,103,109,130,60,63,210,164,24,152,112,113,111,118,126,141,230,220,54,21,176,180,144,76,187,59,17,90,105,156,194,208,125,14,146,100,39,158,12,217,170,34,58,71,43,192,95,196,160,11,115,79,134,234,150,92,226,215,98,175,70,64,142,1,128,91,83,186,233,213,120,16,122,200,177,88,37,25,173,129,205,104,167,2,206,23,19,157,147,185,89,193,41,216,165,209,32,15,82,182,148,154,10,229,162,116,222,66,211,42,78,81,139,207,155,4,151,212,161,171,195,62,197,110,202,227,26,50,191,61,51,188,223,181,28,184,67,69,108,13,159,224,73,85,123,135,218,127,18,232,96,231,138,168,102,80,172,68,124,119,55,137,7,35,149,106,132,203,221,30,77,101,94,136,27,33,84,235,163,183,5,56,49,31,114,145,3,133,57,174,198
39,156,164,89,107,199,47,135,228,177,30,218,9,15,54,4,182,152,25,81,34,88,58,226,93,207,230,191,172,8,141,217,127,14,78,5,83,201,84,31,10,79,124,165,155,122,24,101,64,178,103,231,184,26,61,181,7,193,57,105,59,187,190,134,205,42,69,106,119,49,148,77,120,222,162,166,74,76,196,200,194,19,41,20,33,225,179,113,149,112,213,87,158,90,234,159,151,53,1,131,36,214,219,198,104,70,209,154,32,75,160,132,227,92,65,203,22,96,43,110,142,73,115,163,62,17,140,2,80,18,11,161,188,109,111,98,211,232,97,223,204,192,27,46,130,38,168,67,220,215,52,176,235,186,147,66,3,44,233,99,180,100,40,157,6,37,173,95,56,28,68,117,16,144,86,229,51,169,133,175,189,121,85,126,143,167,116,23,174,146,13,138,224,91,48,118,71,102,45,170,94,35,50,208,123,150,236,171,128,153,12,212,145,206,60,21,63,216,221,210,82,108,129,72,29,197,136,125,195,183,185,114,139,202,137,55
218,104,147,92,220,77,10,168,174,134,205,150,227,54,90,176,109,179,7,184,159,226,27,74,80,169,42,45,75,116,216,151,202,135,156,213,86,62,11,111,47,36,67,89,133,17,209,183,190,117,46,20,236,52,221,191,115,96,112,158,4,105,189,69,60,224,28,15,149,64,154,84,114,43,130,129,9,8,136,127,229,49,225,201,110,6,82,22,57,125,119,175,171,2,172,26,180,19,203,141,122,181,107,106,145,219,197,212,185,233,166,44,152,143,81,132,208,72,23,37,178,230,164,51,91,204,58,103,198,31,3,55,97,33,40,173,123,100,187,38,234,13,182,196,126,120,235,232,48,139,161,53,177,223,211,1,193,142,95,222,195,210,5,113,78,186,157,170,24,228,35,83,70,138,155,50,29,101,214,66,192,71,79,118,21,144,85,93,25,61,102,140,65,160,14,76,146,12,87,206,39,108,194,63,128,215,153,167,207,99,16,188,165,131,94,73,88,59,121,30,32,98,217,231,200,162,137,18,124,68,163,34,199,56,148,41
